<?xml version="1.0" encoding="UTF-8"?>
<project-private xmlns="http://www.netbeans.org/ns/project-private/1">
    <editor-bookmarks xmlns="http://www.netbeans.org/ns/editor-bookmarks/2" lastBookmarkId="0"/>
    <open-files xmlns="http://www.netbeans.org/ns/projectui-open-files/2">
        <group>
            <file>file:/C:/Users/senai/Desktop/BYCO/(%204%20)%20NetbeansIDE/Byco_TCC/src/gui/PerfilEmpGUI.java</file>
            <file>file:/C:/Users/senai/Desktop/BYCO/(%204%20)%20NetbeansIDE/Byco_TCC/src/gui/CadastroCandidato1GUI.java</file>
            <file>file:/C:/Users/senai/Desktop/BYCO/(%204%20)%20NetbeansIDE/Byco_TCC/src/gui/TelaLoginGUI.java</file>
            <file>file:/C:/Users/senai/Desktop/BYCO/(%204%20)%20NetbeansIDE/Byco_TCC/src/gui/CadastroVagaGUI.java</file>
            <file>file:/C:/Users/senai/Desktop/BYCO/(%204%20)%20NetbeansIDE/Byco_TCC/src/gui/PerfilCandGUI.java</file>
            <file>file:/C:/Users/senai/Desktop/BYCO/(%204%20)%20NetbeansIDE/Byco_TCC/src/gui/CadastroCandidato2GUI.java</file>
            <file>file:/C:/Users/senai/Desktop/BYCO/(%204%20)%20NetbeansIDE/Byco_TCC/src/gui/CadastroEmpresa2GUI.java</file>
            <file>file:/C:/Users/senai/Desktop/BYCO/(%204%20)%20NetbeansIDE/Byco_TCC/src/gui/CadastroEmpresa1GUI.java</file>
        </group>
    </open-files>
</project-private>
